{"0 average FPS: 0.1":0.10000000000000001,"1 average FPS: 52.4":52.399999999999999}