{"1 Average FPS: ":58.799999999999997,"2 Average FPS: ":59.600000000000001}